{"stats":{"minecraft:mined":{"minecraft:grass":1,"ecologics:coconut_log":13,"minecraft:sand":2},"minecraft:picked_up":{"ecologics:coconut_log":13,"minecraft:sand":2,"ecologics:coconut_slice":24},"minecraft:used":{"ecologics:coconut_slice":4,"ecologics:coconut_log":1},"minecraft:custom":{"minecraft:jump":102,"minecraft:time_since_rest":14854,"minecraft:leave_game":2,"minecraft:play_time":14854,"minecraft:sprint_one_cm":29184,"minecraft:time_since_death":14854,"minecraft:walk_one_cm":5820,"minecraft:total_world_time":14854,"minecraft:fall_one_cm":3553,"minecraft:fly_one_cm":32216}},"DataVersion":3465}