{"stats":{"minecraft:picked_up":{"minecraft:dirt":4},"minecraft:used":{"minecraft:dirt":4},"minecraft:killed":{"minecraft:creeper":1},"minecraft:mined":{"minecraft:grass":1,"minecraft:grass_block":2,"minecraft:oak_leaves":2,"minecraft:dirt":2},"minecraft:custom":{"minecraft:jump":82,"minecraft:time_since_rest":6328,"minecraft:damage_dealt":260,"minecraft:leave_game":1,"minecraft:play_time":6328,"minecraft:sprint_one_cm":11387,"minecraft:damage_taken":20,"minecraft:time_since_death":6328,"minecraft:walk_one_cm":7092,"minecraft:total_world_time":6328,"minecraft:mob_kills":2,"minecraft:fall_one_cm":2264,"minecraft:fly_one_cm":66708}},"DataVersion":3465}