{"stats":{"minecraft:mined":{"minecraft:grass":1,"ecologics:coconut_log":13},"minecraft:picked_up":{"ecologics:coconut_log":13,"ecologics:coconut_slice":24},"minecraft:used":{"ecologics:coconut_slice":4},"minecraft:custom":{"minecraft:jump":102,"minecraft:time_since_rest":9456,"minecraft:leave_game":1,"minecraft:sprint_one_cm":29184,"minecraft:play_time":9456,"minecraft:time_since_death":9456,"minecraft:walk_one_cm":5760,"minecraft:total_world_time":9456,"minecraft:fall_one_cm":3553,"minecraft:fly_one_cm":32216}},"DataVersion":3465}