{"stats":{"minecraft:crafted":{"ecologics:coconut_planks":4},"minecraft:picked_up":{"minecraft:item_frame":4,"minecraft:rotten_flesh":4,"ecologics:coconut_slice":24,"patchouli:guide_book":1,"minecraft:comparator":1,"ecologics:coconut_log":14,"minecraft:sand":2,"minecraft:birch_sign":13,"minecraft:golden_sword":3,"the_bumblezone:royal_jelly_bottle":16},"minecraft:dropped":{"minecraft:rotten_flesh":2,"minecraft:birch_sign":3,"the_bumblezone:royal_jelly_bottle":16,"patchouli:guide_book":1},"minecraft:killed":{"minecraft:zombie":2},"minecraft:mined":{"minecraft:grass":1,"minecraft:sand":2,"ecologics:coconut_log":14},"minecraft:used":{"ecologics:coconut_slice":5,"minecraft:netherite_sword":6,"minecraft:sand":2,"ecologics:coconut_log":1,"the_bumblezone:royal_jelly_bottle":2,"minecraft:zombie_spawn_egg":2},"minecraft:custom":{"minecraft:open_chest":1,"minecraft:time_since_rest":35698,"minecraft:play_time":35698,"lootr:looted_stat":4,"minecraft:sprint_one_cm":63364,"minecraft:damage_taken":75,"minecraft:walk_one_cm":19021,"minecraft:sneak_time":273,"minecraft:mob_kills":2,"minecraft:drop":4,"minecraft:jump":203,"minecraft:damage_dealt":342,"minecraft:leave_game":11,"minecraft:time_since_death":35698,"minecraft:total_world_time":35698,"minecraft:fall_one_cm":4389,"minecraft:fly_one_cm":128348,"minecraft:inspect_dispenser":1}},"DataVersion":3465}