{
  "minecraft:recipes/decorations/crafting_table": {
    "criteria": {
      "unlock_right_away": "2024-09-11 04:13:32 +0000"
    },
    "done": true
  },
  "minecraft:adventure/adventuring_time": {
    "criteria": {
      "minecraft:beach": "2024-09-11 04:17:00 +0000",
      "minecraft:river": "2024-09-11 04:17:50 +0000",
      "minecraft:cold_ocean": "2024-09-11 04:17:01 +0000",
      "minecraft:forest": "2024-09-11 04:13:34 +0000",
      "minecraft:plains": "2024-09-11 04:17:08 +0000"
    },
    "done": false
  },
  "minecraft:adventure/root": {
    "criteria": {
      "killed_something": "2024-09-11 04:14:41 +0000"
    },
    "done": true
  },
  "minecraft:adventure/kill_all_mobs": {
    "criteria": {
      "minecraft:creeper": "2024-09-11 04:14:41 +0000"
    },
    "done": false
  },
  "minecraft:adventure/kill_a_mob": {
    "criteria": {
      "minecraft:creeper": "2024-09-11 04:14:41 +0000"
    },
    "done": true
  },
  "DataVersion": 3465
}